001,image66.jpg,evidencia_001.jpg
002,image9.jpg,evidencia_002.jpg
003,image64.png,evidencia_003.png
004,image72.png,evidencia_004.png
005,image67.png,evidencia_005.png
006,image2.png,evidencia_006.png
007,image1.png,evidencia_007.png
008,image69.png,evidencia_008.png
009,image74.png,evidencia_009.png
010,image81.png,evidencia_010.png
011,image38.png,evidencia_011.png
012,image43.jpg,evidencia_012.jpg
013,image11.png,evidencia_013.png
014,image73.png,evidencia_014.png
015,image63.png,evidencia_015.png
016,image21.png,evidencia_016.png
017,image44.png,evidencia_017.png
018,image42.png,evidencia_018.png
019,image26.png,evidencia_019.png
020,image12.png,evidencia_020.png
021,image68.png,evidencia_021.png
022,image30.png,evidencia_022.png
023,image17.png,evidencia_023.png
024,image45.png,evidencia_024.png
025,image23.png,evidencia_025.png
026,image59.png,evidencia_026.png
027,image8.png,evidencia_027.png
028,image56.png,evidencia_028.png
029,image27.png,evidencia_029.png
030,image14.png,evidencia_030.png
031,image34.png,evidencia_031.png
032,image19.png,evidencia_032.png
033,image16.png,evidencia_033.png
034,image71.jpg,evidencia_034.jpg
035,image79.jpg,evidencia_035.jpg
036,image76.jpg,evidencia_036.jpg
037,image78.jpg,evidencia_037.jpg
038,image80.jpg,evidencia_038.jpg
039,image46.jpg,evidencia_039.jpg
040,image70.jpg,evidencia_040.jpg
041,image48.jpg,evidencia_041.jpg
042,image5.png,evidencia_042.png
043,image50.jpg,evidencia_043.jpg
044,image6.jpg,evidencia_044.jpg
045,image49.jpg,evidencia_045.jpg
046,image54.jpg,evidencia_046.jpg
047,image52.png,evidencia_047.png
048,image57.jpg,evidencia_048.jpg
049,image65.jpg,evidencia_049.jpg
050,image22.png,evidencia_050.png
051,image55.jpg,evidencia_051.jpg
052,image18.png,evidencia_052.png
053,image53.png,evidencia_053.png
054,image28.png,evidencia_054.png
055,image31.png,evidencia_055.png
056,image33.png,evidencia_056.png
057,image20.png,evidencia_057.png
058,image51.png,evidencia_058.png
059,image29.png,evidencia_059.png
060,image25.png,evidencia_060.png
061,image82.png,evidencia_061.png
062,image40.png,evidencia_062.png
063,image39.png,evidencia_063.png
064,image58.png,evidencia_064.png
065,image10.png,evidencia_065.png
066,image77.png,evidencia_066.png
067,image35.png,evidencia_067.png
068,image60.png,evidencia_068.png
069,image24.png,evidencia_069.png
070,image47.png,evidencia_070.png
071,image3.png,evidencia_071.png
072,image61.png,evidencia_072.png
073,image36.png,evidencia_073.png
074,image37.png,evidencia_074.png
075,image13.png,evidencia_075.png
076,image75.png,evidencia_076.png
077,image7.png,evidencia_077.png
078,image41.png,evidencia_078.png
079,image15.png,evidencia_079.png
080,image62.png,evidencia_080.png
081,image32.png,evidencia_081.png
082,image4.png,evidencia_082.png
